{
    "elite_one_point": {
        "times": {
            "mean": 0.018099999999999998,
            "std": 0.001646206835121273
        }
    },
    "elite_two_point": {
        "times": {
            "mean": 0.024344039999999997,
            "std": 0.003562957103081651
        }
    },
    "elite_anular": {
        "times": {
            "mean": 0.02522816,
            "std": 0.008973941622631609
        }
    },
    "elite_uniform": {
        "times": {
            "mean": 0.01763316,
            "std": 0.0034680328565917596
        }
    },
    "roulette_one_point": {
        "times": {
            "mean": 0.02115708,
            "std": 0.0029662781409706004
        }
    },
    "roulette_two_point": {
        "times": {
            "mean": 0.026626479999999998,
            "std": 0.0014225868527439724
        }
    },
    "roulette_anular": {
        "times": {
            "mean": 0.02341184,
            "std": 0.0015645632254402513
        }
    },
    "roulette_uniform": {
        "times": {
            "mean": 0.01786948,
            "std": 0.0020216971349833785
        }
    },
    "universal_one_point": {
        "times": {
            "mean": 0.020355679999999998,
            "std": 0.0033029319038696526
        }
    },
    "universal_two_point": {
        "times": {
            "mean": 0.025865639999999995,
            "std": 0.002023154152900861
        }
    },
    "universal_anular": {
        "times": {
            "mean": 0.02244084,
            "std": 0.002029130719889677
        }
    },
    "universal_uniform": {
        "times": {
            "mean": 0.01737392,
            "std": 0.0016671665764403996
        }
    },
    "ranking_one_point": {
        "times": {
            "mean": 0.20557803999999996,
            "std": 0.005692410952698337
        }
    },
    "ranking_two_point": {
        "times": {
            "mean": 0.22370964,
            "std": 0.004366567394006423
        }
    },
    "ranking_anular": {
        "times": {
            "mean": 0.20714212,
            "std": 0.007138823717784322
        }
    },
    "ranking_uniform": {
        "times": {
            "mean": 0.20198475999999999,
            "std": 0.005663027395872288
        }
    }
}